Model,Year,Trim,VIN,MSRP,Status,Stock
BMW X5,2026,xDrive40i,5UX23EU09T9522762,75475,In Stock,261695
BMW X5,2026,xDrive40i,5UX23EU03T9548323,75900,In Stock,261755
BMW X5,2026,xDrive40i,5UX23EU09T9536483,76300,In Stock,261700
BMW X5,2026,xDrive40i,5UX23EU06T9553743,76300,In Stock,261748
BMW X5,2026,xDrive40i,5UX23EU05T9450572,77300,In Stock,261396
BMW X5,2026,xDrive40i,5UX23EU00T9468932,77950,In Stock,261486
BMW X5,2026,xDrive40i,5UX23EU06T9467347,78450,In Stock,261480
BMW X5,2026,xDrive40i,5UX23EU06T9444036,78600,In Stock,261389
BMW X5,2026,xDrive40i,5UX23EU02T9398012,79100,In Stock,261252
BMW X5,2026,xDrive40i,5UX23EU01T9417410,79250,In Stock,261318
BMW X5,2026,xDrive40i,5UX23EU07T9468832,79250,In Stock,261479
BMW X5,2026,xDrive40i,5UX23EU08T9524938,79250,In Stock,261667
BMW X5,2026,xDrive40i,5UX23EU06T9553399,79250,In Stock,261745
BMW X5,2026,xDrive40i,5UX23EU07T9467471,80500,In Stock,261481
BMW X5,2026,xDrive40i,5UX23EU0XT9520910,80700,In Stock,261653
BMW X5,2026,xDrive40i,5UX23EU01T9516101,80700,In Stock,261635
BMW X5,2026,xDrive40i,5UX23EU06T9507751,80700,In Stock,261615
BMW X5,2026,xDrive40i,5UX23EU02T9544988,81100,In Stock,261725
BMW X5,2026,xDrive40i,5UX23EU08T9509646,83200,In Stock,261624
BMW X5,2026,xDrive50e,5UX43EU02T9404593,84200,In Stock,261279
BMW X5,2026,xDrive50e,5UX43EU0XT9415888,85250,In Stock,261301
BMW X5,2026,xDrive50e,5UX43EU03T9412959,85350,In Stock,261292
BMW X5,2026,xDrive50e,5UX43EU08T9425996,86050,In Stock,261340
BMW X5,2026,xDrive50e,5UX43EU03T9473910,86100,In Stock,261517
BMW X5,2026,xDrive50e,5UX43EU03T9428465,87850,In Stock,261338
BMW X5,2026,xDrive50e,5UX43EU08T9332444,92250,In Stock,261003
BMW X5,2026,M60i,5UX33EU00T9530690,101750,In Stock,261811
BMW X5,2026,xDrive40i,5UX23EU04T9553918,76050,In Stock,261746
BMW X5,2026,xDrive40i,5UX23EU0XT9509177,79075,In Stock,261849
BMW X5,2026,xDrive40i,5UX23EU03T9554283,82350,In Stock,261769
BMW X5,2027,40 xDrive,5UX63JF0XV9606700,79095,In Transit,270239
BMW X5,2027,40 xDrive,5UX63JF03V9605484,79820,In Transit,270240
BMW X5,2027,40 xDrive,5UX63JF05V9603039,81670,In Transit,270227
BMW X5,2027,40 xDrive,5UX63JF06V9605561,81770,In Transit,270242
BMW X5,2027,40 xDrive,5UX63JF01V9596526,82300,In Transit,270211
BMW X5,2027,40 xDrive,5UX63JF03V9602830,83970,In Transit,270223
BMW X5,2027,40 xDrive,5UX63JF0XV9605501,86870,In Transit,270238
BMW X5,2027,(base),5UX63JF06V9591645,86900,In Transit,270195
BMW X5,2027,40 xDrive,5UX63JF00V9588093,88500,In Transit,270231
BMW X5,2027,40 xDrive,5UX63JF01V9593254,89125,In Transit,270202
BMW X5,2027,40 xDrive,5UX63JF08V9610597,91920,In Transit,270233
BMW X5,2027,40 xDrive,5UX63JF05V9605194,93220,In Transit,270241
BMW X5,2027,40 xDrive,5UX63JF06V9593380,93395,In Transit,270199
